{
  "IcoMoonType": "selection",
  "icons": [
    {
      "icon": {
        "paths": [
          "M1836.715 30.72c22.245-19.132 51.405-30.782 83.285-30.782 70.727 0 128.062 57.335 128.062 128.062 0 38.846-17.296 73.652-44.607 97.138l-0.169 0.142-896 768c-22.241 19.144-51.402 30.801-83.285 30.801s-61.045-11.658-83.453-30.943l0.168 0.141-896.341-768c-27.446-23.645-44.717-58.446-44.717-97.28 0-70.788 57.385-128.173 128.173-128.173 31.954 0 61.176 11.693 83.623 31.033l-0.167-0.14 812.715 696.661 812.715-696.32z"
        ],
        "attrs": [
          {}
        ],
        "width": 2048,
        "isMulticolor": false,
        "isMulticolor2": false,
        "grid": 0,
        "tags": [
          "arrow-down"
        ]
      },
      "attrs": [
        {}
      ],
      "properties": {
        "order": 99,
        "id": 1,
        "name": "arrow-down",
        "prevSize": 32
      },
      "setIdx": 0,
      "setId": 10,
      "iconIdx": 0
    },
    {
      "icon": {
        "paths": [
          "M447.428 834.68c213.857 0 387.223-173.365 387.223-387.223s-173.365-387.223-387.223-387.223v0c-213.857 0-387.223 173.365-387.223 387.223s173.365 387.223 387.223 387.223v0zM748.664 748.604l215.1 215.1"
        ],
        "attrs": [
          {
            "fill": "none",
            "stroke": "rgb(255, 255, 255)",
            "strokeLinejoin": "round",
            "strokeLinecap": "round",
            "strokeMiterlimit": "4",
            "strokeWidth": 60.23529411764706
          }
        ],
        "isMulticolor": false,
        "isMulticolor2": false,
        "grid": 0,
        "tags": [
          "search"
        ]
      },
      "attrs": [
        {
          "fill": "none",
          "stroke": "rgb(255, 255, 255)",
          "strokeLinejoin": "round",
          "strokeLinecap": "round",
          "strokeMiterlimit": "4",
          "strokeWidth": 60.23529411764706
        }
      ],
      "properties": {
        "order": 100,
        "id": 0,
        "name": "search",
        "prevSize": 32
      },
      "setIdx": 0,
      "setId": 10,
      "iconIdx": 1
    }
  ],
  "height": 1024,
  "preferences": {
    "showGlyphs": true,
    "showQuickUse": true,
    "showQuickUse2": true,
    "showSVGs": true,
    "fontPref": {
      "prefix": "icon-",
      "metadata": {
        "fontFamily": "icomoon"
      },
      "metrics": {
        "emSize": 1024,
        "baseline": 6.25,
        "whitespace": 50
      },
      "embed": false
    },
    "imagePref": {
      "prefix": "",
      "png": true,
      "useClassSelector": true,
      "color": 0,
      "bgColor": 16777215,
      "classSelector": ".icon",
      "name": "icomoon",
      "height": 32,
      "columns": 16,
      "margin": 16
    },
    "historySize": 50,
    "showCodes": true,
    "gridSize": 16
  }
}